<?xml version="1.0" encoding="UTF-8"?>
<model package="akismet" baseClass="xPDOSimpleObject" platform="mysql" defaultEngine="InnoDB" version="1.1">
    <object class="AkismetForm" table="akismet_forms">
        <field key="reported_status" dbtype="enum" precision="'unknown','spam','notspam'" phptype="string" null="false" default="unknown" />
        <field key="manual_status" dbtype="enum" precision="'','spam','notspam'" phptype="string" null="false" default=""/>
        <field key="blog" dbtype="varchar" precision="191" phptype="string" null="false" default="" />
        <field key="comment_type" dbtype="varchar" precision="50" phptype="string" null="false" default=""/>
        <field key="comment_author" dbtype="varchar" precision="191" phptype="string" null="false" default="" />
        <field key="comment_author_email" dbtype="varchar" precision="191" phptype="string" null="false" default="" />
        <field key="comment_author_url" dbtype="varchar" precision="191" phptype="string" null="false" default="" />
        <field key="comment_content" dbtype="text" phptype="string" null="true" />
        <field key="user_ip" dbtype="varchar" precision="50" phptype="string" null="false" default="" />
        <field key="user_agent" dbtype="varchar" precision="191" phptype="string" null="false" default="" />
        <field key="referrer" dbtype="varchar" precision="191" phptype="string" null="false" default="" />
        <field key="permalink" dbtype="varchar" precision="191" phptype="string" null="false" default="" />
        <field key="blog_charset" dbtype="varchar" precision="191" phptype="string" null="false" default="" />
        <field key="blog_lang" dbtype="varchar" precision="191" phptype="string" null="false" default="" />
        <field key="recheck_reason" dbtype="varchar" precision="191" phptype="string" null="false" default="" />
        <field key="user_role" dbtype="varchar" precision="191" phptype="string" null="false" default="" />
        <field key="is_test" dbtype="tinyint" precision="1" phptype="boolean" null="false" default="0" />
        <field key="comment_date_gmt" dbtype="datetime" phptype="string" null="true" />
        <field key="comment_modified_gmt" dbtype="datetime" phptype="string" null="true" default="NULL" />
        <field key="honeypot_field_name" dbtype="varchar" precision="191" phptype="string" null="false" default="" />
        <field key="honeypot_field_value" dbtype="varchar" precision="191" phptype="string" null="false" default="" />
        <field key="created_at" dbtype="timestamp" phptype="timestamp" null="false" default="CURRENT_TIMESTAMP" />
        <field key="updated_at" dbtype="timestamp" phptype="timestamp" null="true" />

        <index alias="reported_status" name="reported_status" primary="false" unique="false" type="BTREE">
            <column key="reported_status" length="" collation="A" null="false" />
        </index>
        <index alias="manual_status" name="manual_status" primary="false" unique="false" type="BTREE">
            <column key="manual_status" length="" collation="A" null="false" />
        </index>
        <index alias="comment_type" name="comment_type" primary="false" unique="false" type="BTREE">
            <column key="comment_type" length="" collation="A" null="false" />
        </index>
        <index alias="comment_author" name="comment_author" primary="false" unique="false" type="BTREE">
            <column key="comment_author" length="" collation="A" null="false" />
        </index>
        <index alias="comment_author_email" name="comment_author_email" primary="false" unique="false" type="BTREE">
            <column key="comment_author_email" length="" collation="A" null="false" />
        </index>
        <index alias="comment_author_url" name="comment_author_url" primary="false" unique="false" type="BTREE">
            <column key="comment_author_url" length="" collation="A" null="false" />
        </index>
        <index alias="user_ip" name="user_ip" primary="false" unique="false" type="BTREE">
            <column key="user_ip" length="" collation="A" null="false" />
        </index>
        <index alias="user_agent" name="user_agent" primary="false" unique="false" type="BTREE">
            <column key="user_agent" length="" collation="A" null="false" />
        </index>
        <index alias="referrer" name="referrer" primary="false" unique="false" type="BTREE">
            <column key="referrer" length="" collation="A" null="false" />
        </index>
        <index alias="permalink" name="permalink" primary="false" unique="false" type="BTREE">
            <column key="permalink" length="" collation="A" null="false" />
        </index>
        <index alias="blog_charset" name="blog_charset" primary="false" unique="false" type="BTREE">
            <column key="blog_charset" length="" collation="A" null="false" />
        </index>
        <index alias="blog_lang" name="blog_lang" primary="false" unique="false" type="BTREE">
            <column key="blog_lang" length="" collation="A" null="false" />
        </index>
        <index alias="user_role" name="user_role" primary="false" unique="false" type="BTREE">
            <column key="user_role" length="" collation="A" null="false" />
        </index>
        <index alias="is_test" name="is_test" primary="false" unique="false" type="BTREE">
            <column key="is_test" length="" collation="A" null="false" />
        </index>
        <index alias="comment_date_gmt" name="comment_date_gmt" primary="false" unique="false" type="BTREE">
            <column key="comment_date_gmt" length="" collation="A" null="true" />
        </index>
        <index alias="comment_modified_gmt" name="comment_modified_gmt" primary="false" unique="false" type="BTREE">
            <column key="comment_modified_gmt" length="" collation="A" null="true" />
        </index>
        <index alias="honeypot_field_name" name="honeypot_field_name" primary="false" unique="false" type="BTREE">
            <column key="honeypot_field_name" length="" collation="A" null="true" />
        </index>
        <index alias="honeypot_field_value" name="honeypot_field_value" primary="false" unique="false" type="BTREE">
            <column key="honeypot_field_value" length="" collation="A" null="true" />
        </index>
        <index alias="created_at" name="created_at" primary="false" unique="false" type="BTREE">
            <column key="created_at" length="" collation="A" null="false" />
        </index>
        <index alias="updated_at" name="updated_at" primary="false" unique="false" type="BTREE">
            <column key="updated_at" length="" collation="A" null="true" />
        </index>

    </object>

</model>